First Name,Last Name,Email,Score,Feedback
Seamus,Finnigan,seamus.finnigan@hogwarts.edu,3800,""
Ron,Weasley,ron.weasley@hogwarts.edu,4200,""
Fred,Weasley,fred.weasley@hogwarts.edu,3800,""
Harry,Potter,harry.potter@hogwarts.edu,4100,""
Hermione,Granger,hermione.granger@hogwarts.edu,2700,""
Colin,Creevey,colin.creevey@hogwarts.edu,4100,""
Hannah,Abbott,hannah.abbott@hogwarts.edu,4100,""
Pansy,Parkinson,pansy.parkinson@hogwarts.edu,"",""
Zacharias,Smith,zacharias.smith@hogwarts.edu,3900,""
Blaise,Zabini,blaise.zabini@hogwarts.edu,4000,""
Draco,Malfoy,draco.malfoy@hogwarts.edu,3100,""
Dean,Thomas,dean.thomas@hogwarts.edu,4200,""
Millicent,Bulstrode,millicent.bulstrode@hogwarts.edu,4400,""
Terry,Boot,terry.boot@hogwarts.edu,3600,""
Ernie,Macmillan,ernie.macmillan@hogwarts.edu,"",""
Roland,Abberlay,roland.abberlay@hogwarts.edu,2900,""
Katie,Bell,katie.bell@hogwarts.edu,3600,""
Regulus,Black,regulus.black@hogwarts.edu,4100,""
Euan,Abercrombie,euan.abercrombie@hogwarts.edu,3700,""
Brandon,Angel,brandon.angel@hogwarts.edu,3800,""
