First Name,Last Name,Email,Score,Feedback
Seamus,Finnigan,seamus.finnigan@hogwarts.edu,3300,""
Ron,Weasley,ron.weasley@hogwarts.edu,4000,""
Fred,Weasley,fred.weasley@hogwarts.edu,4400,""
Harry,Potter,harry.potter@hogwarts.edu,"",""
Hermione,Granger,hermione.granger@hogwarts.edu,"",""
Colin,Creevey,colin.creevey@hogwarts.edu,3700,""
Hannah,Abbott,hannah.abbott@hogwarts.edu,3500,""
Pansy,Parkinson,pansy.parkinson@hogwarts.edu,3100,""
Zacharias,Smith,zacharias.smith@hogwarts.edu,3700,""
Blaise,Zabini,blaise.zabini@hogwarts.edu,"",""
Draco,Malfoy,draco.malfoy@hogwarts.edu,3400,""
Dean,Thomas,dean.thomas@hogwarts.edu,2600,""
Millicent,Bulstrode,millicent.bulstrode@hogwarts.edu,3700,""
Terry,Boot,terry.boot@hogwarts.edu,3800,""
Ernie,Macmillan,ernie.macmillan@hogwarts.edu,"",""
Roland,Abberlay,roland.abberlay@hogwarts.edu,4200,""
Katie,Bell,katie.bell@hogwarts.edu,3000,""
Regulus,Black,regulus.black@hogwarts.edu,4300,""
Euan,Abercrombie,euan.abercrombie@hogwarts.edu,3800,""
Brandon,Angel,brandon.angel@hogwarts.edu,4000,""
