First Name,Last Name,Email,Score,Feedback
Seamus,Finnigan,seamus.finnigan@hogwarts.edu,"",""
Fred,Weasley,fred.weasley@hogwarts.edu,155000,"As Aristotle said, <strong>""The whole is greater than the sum of its parts.""</strong>"
Harry,Potter,harry.potter@hogwarts.edu,155000,"As Aristotle said, <strong>""The whole is greater than the sum of its parts.""</strong>"
Hermione,Granger,hermione.granger@hogwarts.edu,155000,"As Aristotle said, <strong>""The whole is greater than the sum of its parts.""</strong>"
Colin,Creevey,colin.creevey@hogwarts.edu,155000,"As Aristotle said, <strong>""The whole is greater than the sum of its parts.""</strong>"
Hannah,Abbott,hannah.abbott@hogwarts.edu,155000,"As Aristotle said, <strong>""The whole is greater than the sum of its parts.""</strong>"
Pansy,Parkinson,pansy.parkinson@hogwarts.edu,155000,"As Aristotle said, <strong>""The whole is greater than the sum of its parts.""</strong>"
Zacharias,Smith,zacharias.smith@hogwarts.edu,155000,"As Aristotle said, <strong>""The whole is greater than the sum of its parts.""</strong>"
Blaise,Zabini,blaise.zabini@hogwarts.edu,155000,"As Aristotle said, <strong>""The whole is greater than the sum of its parts.""</strong>"
Draco,Malfoy,draco.malfoy@hogwarts.edu,155000,"As Aristotle said, <strong>""The whole is greater than the sum of its parts.""</strong>"
Dean,Thomas,dean.thomas@hogwarts.edu,155000,"As Aristotle said, <strong>""The whole is greater than the sum of its parts.""</strong>"
Millicent,Bulstrode,millicent.bulstrode@hogwarts.edu,155000,"As Aristotle said, <strong>""The whole is greater than the sum of its parts.""</strong>"
Ernie,Macmillan,ernie.macmillan@hogwarts.edu,155000,"As Aristotle said, <strong>""The whole is greater than the sum of its parts.""</strong>"
Katie,Bell,katie.bell@hogwarts.edu,155000,"As Aristotle said, <strong>""The whole is greater than the sum of its parts.""</strong>"
Regulus,Black,regulus.black@hogwarts.edu,155000,"As Aristotle said, <strong>""The whole is greater than the sum of its parts.""</strong>"
Euan,Abercrombie,euan.abercrombie@hogwarts.edu,155000,"As Aristotle said, <strong>""The whole is greater than the sum of its parts.""</strong>"
Brandon,Angel,brandon.angel@hogwarts.edu,"",""
Ron,Weasley,ron.weasley@hogwarts.edu,155000,"As Aristotle said, <strong>""The whole is greater than the sum of its parts.""</strong>"
Terry,Boot,terry.boot@hogwarts.edu,155000,"As Aristotle said, <strong>""The whole is greater than the sum of its parts.""</strong>"
Roland,Abberlay,roland.abberlay@hogwarts.edu,155000,"As Aristotle said, <strong>""The whole is greater than the sum of its parts.""</strong>"
