First Name,Last Name,Email,Score,Feedback
Seamus,Finnigan,seamus.finnigan@hogwarts.edu,1,""
Ron,Weasley,ron.weasley@hogwarts.edu,1,""
Fred,Weasley,fred.weasley@hogwarts.edu,0,""
Harry,Potter,harry.potter@hogwarts.edu,1,""
Hermione,Granger,hermione.granger@hogwarts.edu,1,""
Colin,Creevey,colin.creevey@hogwarts.edu,1,""
Hannah,Abbott,hannah.abbott@hogwarts.edu,0,""
Pansy,Parkinson,pansy.parkinson@hogwarts.edu,1,""
Zacharias,Smith,zacharias.smith@hogwarts.edu,1,""
Blaise,Zabini,blaise.zabini@hogwarts.edu,0,""
Draco,Malfoy,draco.malfoy@hogwarts.edu,0,""
Dean,Thomas,dean.thomas@hogwarts.edu,0,""
Millicent,Bulstrode,millicent.bulstrode@hogwarts.edu,0,""
Terry,Boot,terry.boot@hogwarts.edu,1,""
Ernie,Macmillan,ernie.macmillan@hogwarts.edu,"",""
Roland,Abberlay,roland.abberlay@hogwarts.edu,1,""
Katie,Bell,katie.bell@hogwarts.edu,1,""
Regulus,Black,regulus.black@hogwarts.edu,0,""
Euan,Abercrombie,euan.abercrombie@hogwarts.edu,1,""
Brandon,Angel,brandon.angel@hogwarts.edu,1,""
