First Name,Last Name,Email,Score,Feedback
Seamus,Finnigan,seamus.finnigan@hogwarts.edu,"",""
Ron,Weasley,ron.weasley@hogwarts.edu,"",""
Fred,Weasley,fred.weasley@hogwarts.edu,"",""
Harry,Potter,harry.potter@hogwarts.edu,"",""
Hermione,Granger,hermione.granger@hogwarts.edu,"",""
Colin,Creevey,colin.creevey@hogwarts.edu,"",""
Hannah,Abbott,hannah.abbott@hogwarts.edu,"",""
Pansy,Parkinson,pansy.parkinson@hogwarts.edu,"",""
Zacharias,Smith,zacharias.smith@hogwarts.edu,"",""
Blaise,Zabini,blaise.zabini@hogwarts.edu,"",""
Draco,Malfoy,draco.malfoy@hogwarts.edu,"",""
Dean,Thomas,dean.thomas@hogwarts.edu,"",""
Millicent,Bulstrode,millicent.bulstrode@hogwarts.edu,"",""
Terry,Boot,terry.boot@hogwarts.edu,"",""
Ernie,Macmillan,ernie.macmillan@hogwarts.edu,"",""
Roland,Abberlay,roland.abberlay@hogwarts.edu,"",""
Katie,Bell,katie.bell@hogwarts.edu,"",""
Regulus,Black,regulus.black@hogwarts.edu,"",""
Euan,Abercrombie,euan.abercrombie@hogwarts.edu,"",""
Brandon,Angel,brandon.angel@hogwarts.edu,"",""
